MM:DD:YYYY hh:mm:ss,Library_Version,Session_type,Device_Number,Battery_Voltage,Motor_Turns,FR,Event,Active_Poke,Left_Poke_Count,Right_Poke_Count,Pellet_Count,Block_Pellet_Count,Retrieval_Time,InterPelletInterval,Poke_Time
1/25/2023 16:13:58,1.12.0,PR,0,4.12,3,1,Pellet,Left,0,0,1,0,Timed_out,nan,nan							
1/25/2023 16:14:29,1.12.0,PR,0,4.12,nan,1,Right,Left,0,1,1,0,nan,nan,0.41							
1/25/2023 16:14:54,1.12.0,PR,0,4.12,nan,1,Right,Left,0,2,1,0,nan,nan,0.40							
1/25/2023 16:15:03,1.12.0,PR,0,4.12,nan,1,Left,Left,1,2,1,0,nan,nan,0.46							
1/25/2023 16:15:04,1.12.0,PR,0,4.13,2,1,Pellet,Left,1,2,2,0,0.24,66,nan							
1/25/2023 16:15:16,1.12.0,PR,0,4.12,nan,1,Left,Left,2,2,2,0,nan,nan,0.29							
1/25/2023 16:15:21,1.12.0,PR,0,4.12,nan,1,Left,Left,3,2,2,0,nan,nan,0.35							
1/25/2023 16:15:22,1.12.0,PR,0,4.12,2,1,Pellet,Left,3,2,3,0,0.06,18,nan							
1/25/2023 16:15:37,1.12.0,PR,0,4.12,nan,1,Left,Left,4,2,3,0,nan,nan,0.42							
1/25/2023 16:15:43,1.12.0,PR,0,4.13,nan,1,Left,Left,5,2,3,0,nan,nan,0.00							
1/25/2023 16:15:48,1.12.0,PR,0,4.12,nan,1,Left,Left,6,2,3,0,nan,nan,0.44							
1/25/2023 16:15:51,1.12.0,PR,0,4.12,nan,1,Left,Left,7,2,3,0,nan,nan,0.62							
1/25/2023 16:15:53,1.12.0,PR,0,4.12,1,1,Pellet,Left,7,2,4,0,1.03,31,nan							
1/25/2023 16:16:13,1.12.0,PR,0,4.12,nan,1,Left,Left,8,2,4,0,nan,nan,0.41							
1/25/2023 16:16:15,1.12.0,PR,0,4.12,nan,1,Left,Left,9,2,4,0,nan,nan,0.79							
1/25/2023 16:16:18,1.12.0,PR,0,4.12,nan,1,Left,Left,10,2,4,0,nan,nan,0.73							
1/25/2023 16:16:20,1.12.0,PR,0,4.12,nan,1,Left,Left,11,2,4,0,nan,nan,0.86							
1/25/2023 16:16:21,1.12.0,PR,0,4.12,nan,1,Left,Left,12,2,4,0,nan,nan,0.00							
1/25/2023 16:16:23,1.12.0,PR,0,4.12,nan,1,Left,Left,13,2,4,0,nan,nan,0.32							
1/25/2023 16:16:25,1.12.0,PR,0,4.12,1,1,Pellet,Left,13,2,5,0,0.85,31,nan							
1/25/2023 16:16:36,1.12.0,PR,0,4.12,nan,1,Left,Left,14,2,5,0,nan,nan,0.53							
1/25/2023 16:16:37,1.12.0,PR,0,4.13,nan,1,Left,Left,15,2,5,0,nan,nan,0.31							
1/25/2023 16:16:38,1.12.0,PR,0,4.12,nan,1,Left,Left,16,2,5,0,nan,nan,0.00							
1/25/2023 16:16:40,1.12.0,PR,0,4.12,nan,1,Left,Left,17,2,5,0,nan,nan,0.25							
1/25/2023 16:16:42,1.12.0,PR,0,4.13,nan,1,Left,Left,18,2,5,0,nan,nan,0.23							
1/25/2023 16:16:43,1.12.0,PR,0,4.12,nan,1,Left,Left,19,2,5,0,nan,nan,0.00							
1/25/2023 16:16:44,1.12.0,PR,0,4.12,nan,1,Left,Left,20,2,5,0,nan,nan,0.25							
1/25/2023 16:16:46,1.12.0,PR,0,4.12,nan,1,Left,Left,21,2,5,0,nan,nan,0.33							
1/25/2023 16:16:48,1.12.0,PR,0,4.12,nan,1,Left,Left,22,2,5,0,nan,nan,0.29							
1/25/2023 16:16:50,1.12.0,PR,0,4.12,1,1,Pellet,Left,22,2,6,0,0.73,26,nan							
1/25/2023 16:16:59,1.12.0,PR,0,4.13,nan,1,Left,Left,23,2,6,0,nan,nan,0.73							
1/25/2023 16:17:00,1.12.0,PR,0,4.12,nan,1,Left,Left,24,2,6,0,nan,nan,0.00							
1/25/2023 16:17:01,1.12.0,PR,0,4.12,nan,1,Left,Left,25,2,6,0,nan,nan,0.30							
1/25/2023 16:17:02,1.12.0,PR,0,4.13,nan,1,Left,Left,26,2,6,0,nan,nan,0.17							
1/25/2023 16:17:04,1.12.0,PR,0,4.12,nan,1,Left,Left,27,2,6,0,nan,nan,0.20							
1/25/2023 16:17:04,1.12.0,PR,0,4.13,nan,1,Left,Left,28,2,6,0,nan,nan,0.00							
1/25/2023 16:17:05,1.12.0,PR,0,4.12,nan,1,Left,Left,29,2,6,0,nan,nan,0.18							
1/25/2023 16:17:07,1.12.0,PR,0,4.12,nan,1,Left,Left,30,2,6,0,nan,nan,0.68							
1/25/2023 16:17:08,1.12.0,PR,0,4.12,nan,1,Left,Left,31,2,6,0,nan,nan,0.23							
1/25/2023 16:17:09,1.12.0,PR,0,4.13,nan,1,Left,Left,32,2,6,0,nan,nan,0.00							
1/25/2023 16:17:10,1.12.0,PR,0,4.12,nan,1,Left,Left,33,2,6,0,nan,nan,0.02							
1/25/2023 16:17:13,1.12.0,PR,0,4.13,nan,1,Left,Left,34,2,6,0,nan,nan,0.25							
1/25/2023 16:17:15,1.12.0,PR,0,4.12,1,1,Pellet,Left,34,2,7,0,0.91,25,nan							
1/25/2023 16:17:26,1.12.0,PR,0,4.12,nan,1,Left,Left,35,2,7,0,nan,nan,0.14							
1/25/2023 16:17:28,1.12.0,PR,0,4.12,nan,1,Left,Left,36,2,7,0,nan,nan,0.18							
1/25/2023 16:17:28,1.12.0,PR,0,4.13,nan,1,Left,Left,37,2,7,0,nan,nan,0.00							
1/25/2023 16:17:30,1.12.0,PR,0,4.12,nan,1,Left,Left,38,2,7,0,nan,nan,0.16							
1/25/2023 16:17:32,1.12.0,PR,0,4.12,nan,1,Left,Left,39,2,7,0,nan,nan,0.23							
1/25/2023 16:17:33,1.12.0,PR,0,4.13,nan,1,Left,Left,40,2,7,0,nan,nan,0.00							
1/25/2023 16:17:34,1.12.0,PR,0,4.12,nan,1,Left,Left,41,2,7,0,nan,nan,0.21							
1/25/2023 16:17:35,1.12.0,PR,0,4.12,nan,1,Left,Left,42,2,7,0,nan,nan,0.00							
1/25/2023 16:17:36,1.12.0,PR,0,4.12,nan,1,Left,Left,43,2,7,0,nan,nan,0.16							
1/25/2023 16:17:37,1.12.0,PR,0,4.12,nan,1,Left,Left,44,2,7,0,nan,nan,0.27							
1/25/2023 16:17:43,1.12.0,PR,0,4.12,nan,1,Left,Left,45,2,7,0,nan,nan,0.19							
1/25/2023 16:17:48,1.12.0,PR,0,4.12,nan,1,Right,Left,45,3,7,0,nan,nan,0.70							
1/25/2023 16:17:50,1.12.0,PR,0,4.12,nan,1,Right,Left,45,4,7,0,nan,nan,0.59							
1/25/2023 16:18:46,1.12.0,PR,0,4.13,nan,1,Left,Left,46,4,7,0,nan,nan,0.23							
1/25/2023 16:21:10,1.12.0,PR,0,4.12,nan,1,Left,Left,47,4,7,0,nan,nan,0.20							
1/25/2023 16:21:12,1.12.0,PR,0,4.12,nan,1,Left,Left,48,4,7,0,nan,nan,0.37							
1/25/2023 16:21:14,1.12.0,PR,0,4.12,nan,1,Left,Left,49,4,7,0,nan,nan,0.16							
1/25/2023 16:21:15,1.12.0,PR,0,4.12,1,1,Pellet,Left,49,4,8,0,0.42,240,nan							
1/25/2023 16:21:38,1.12.0,PR,0,4.13,nan,1,Left,Left,50,4,8,0,nan,nan,0.28							
1/25/2023 16:21:40,1.12.0,PR,0,4.12,nan,1,Left,Left,51,4,8,0,nan,nan,0.12							
1/25/2023 16:31:14,1.12.0,PR,0,4.12,nan,1,Right,Left,51,5,8,0,nan,nan,0.35							
1/25/2023 16:31:18,1.12.0,PR,0,4.13,nan,1,Left,Left,52,5,8,0,nan,nan,0.74							
1/25/2023 16:31:21,1.12.0,PR,0,4.12,nan,1,Left,Left,53,5,8,0,nan,nan,0.29							
1/25/2023 16:31:25,1.12.0,PR,0,4.12,nan,1,Left,Left,54,5,8,0,nan,nan,0.51							
1/25/2023 16:31:26,1.12.0,PR,0,4.12,nan,1,Left,Left,55,5,8,0,nan,nan,0.19							
1/25/2023 16:31:27,1.12.0,PR,0,4.12,nan,1,Left,Left,56,5,8,0,nan,nan,0.00							
1/25/2023 16:31:29,1.12.0,PR,0,4.12,nan,1,Left,Left,57,5,8,0,nan,nan,0.26							
1/25/2023 16:31:30,1.12.0,PR,0,4.13,nan,1,Left,Left,58,5,8,0,nan,nan,0.22							
1/25/2023 16:31:32,1.12.0,PR,0,4.12,nan,1,Left,Left,59,5,8,0,nan,nan,0.18							
1/25/2023 16:31:33,1.12.0,PR,0,4.12,nan,1,Left,Left,60,5,8,0,nan,nan,0.00							
1/25/2023 16:31:34,1.12.0,PR,0,4.13,nan,1,Left,Left,61,5,8,0,nan,nan,0.20							
1/25/2023 16:31:35,1.12.0,PR,0,4.13,nan,1,Left,Left,62,5,8,0,nan,nan,0.00							
1/25/2023 16:31:37,1.12.0,PR,0,4.12,nan,1,Left,Left,63,5,8,0,nan,nan,0.15							
1/25/2023 16:31:39,1.12.0,PR,0,4.12,nan,1,Left,Left,64,5,8,0,nan,nan,0.12							
1/25/2023 16:31:40,1.12.0,PR,0,4.13,nan,1,Left,Left,65,5,8,0,nan,nan,0.00							
1/25/2023 16:31:40,1.12.0,PR,0,4.12,nan,1,Left,Left,66,5,8,0,nan,nan,0.00							
1/25/2023 16:31:44,1.12.0,PR,0,4.12,nan,1,Left,Left,67,5,8,0,nan,nan,0.19							
1/25/2023 16:31:45,1.12.0,PR,0,4.12,nan,1,Left,Left,68,5,8,0,nan,nan,0.45							
1/25/2023 16:31:46,1.12.0,PR,0,4.12,nan,1,Left,Left,69,5,8,0,nan,nan,0.00							
1/25/2023 16:31:48,1.12.0,PR,0,4.12,1,1,Pellet,Left,69,5,9,0,1.28,633,nan							
1/25/2023 16:32:20,1.12.0,PR,0,4.12,nan,1,Left,Left,70,5,9,0,nan,nan,0.19							
1/25/2023 16:32:26,1.12.0,PR,0,4.12,nan,1,Right,Left,70,6,9,0,nan,nan,0.29							
1/25/2023 16:37:28,1.12.0,PR,0,4.12,nan,1,Right,Left,70,7,9,0,nan,nan,0.33							
1/25/2023 16:39:56,1.12.0,PR,0,4.12,nan,1,Left,Left,71,7,9,0,nan,nan,0.20							
1/25/2023 16:40:00,1.12.0,PR,0,4.12,nan,1,Left,Left,72,7,9,0,nan,nan,0.82							
1/25/2023 16:40:04,1.12.0,PR,0,4.12,nan,1,Left,Left,73,7,9,0,nan,nan,0.43							
1/25/2023 16:40:08,1.12.0,PR,0,4.13,nan,1,Left,Left,74,7,9,0,nan,nan,0.68							
1/25/2023 16:40:10,1.12.0,PR,0,4.13,nan,1,Left,Left,75,7,9,0,nan,nan,0.50							
1/25/2023 16:40:10,1.12.0,PR,0,4.13,nan,1,Left,Left,76,7,9,0,nan,nan,0.00							
1/25/2023 16:40:13,1.12.0,PR,0,4.12,nan,1,Left,Left,77,7,9,0,nan,nan,0.24							
1/25/2023 16:40:15,1.12.0,PR,0,4.12,nan,1,Left,Left,78,7,9,0,nan,nan,0.15							
1/25/2023 16:40:17,1.12.0,PR,0,4.12,nan,1,Left,Left,79,7,9,0,nan,nan,0.17							
1/25/2023 16:40:18,1.12.0,PR,0,4.12,nan,1,Left,Left,80,7,9,0,nan,nan,0.36							
1/25/2023 16:40:20,1.12.0,PR,0,4.12,nan,1,Left,Left,81,7,9,0,nan,nan,0.16							
1/25/2023 16:40:21,1.12.0,PR,0,4.12,nan,1,Left,Left,82,7,9,0,nan,nan,0.00							
1/25/2023 16:40:22,1.12.0,PR,0,4.12,nan,1,Left,Left,83,7,9,0,nan,nan,0.14							
1/25/2023 16:40:24,1.12.0,PR,0,4.12,nan,1,Left,Left,84,7,9,0,nan,nan,0.39							
1/25/2023 16:40:26,1.12.0,PR,0,4.13,nan,1,Left,Left,85,7,9,0,nan,nan,0.14							
1/25/2023 16:40:27,1.12.0,PR,0,4.12,nan,1,Left,Left,86,7,9,0,nan,nan,0.39							
1/25/2023 16:40:29,1.12.0,PR,0,4.12,nan,1,Left,Left,87,7,9,0,nan,nan,0.23							
1/25/2023 16:40:30,1.12.0,PR,0,4.12,nan,1,Left,Left,88,7,9,0,nan,nan,0.07							
1/25/2023 19:05:26,1.12.0,PR,0,4.12,nan,1,Left,Left,89,7,9,0,nan,nan,0.28							
1/25/2023 19:05:29,1.12.0,PR,0,4.12,nan,1,Left,Left,90,7,9,0,nan,nan,0.28							
1/25/2023 19:05:32,1.12.0,PR,0,4.11,nan,1,Left,Left,91,7,9,0,nan,nan,0.12							
1/25/2023 19:05:33,1.12.0,PR,0,4.12,nan,1,Left,Left,92,7,9,0,nan,nan,0.03							
1/25/2023 19:05:34,1.12.0,PR,0,4.12,nan,1,Left,Left,93,7,9,0,nan,nan,0.03							
1/25/2023 19:05:35,1.12.0,PR,0,4.12,nan,1,Left,Left,94,7,9,0,nan,nan,0.00							
1/25/2023 19:05:36,1.12.0,PR,0,4.11,1,1,Pellet,Left,94,7,10,0,0.48,9228,nan							
1/25/2023 19:05:55,1.12.0,PR,0,4.12,nan,1,Left,Left,95,7,10,0,nan,nan,0.00							
1/25/2023 19:05:57,1.12.0,PR,0,4.12,nan,1,Left,Left,96,7,10,0,nan,nan,0.01							
1/25/2023 19:05:58,1.12.0,PR,0,4.11,nan,1,Left,Left,97,7,10,0,nan,nan,0.33							
1/25/2023 19:05:59,1.12.0,PR,0,4.12,nan,1,Left,Left,98,7,10,0,nan,nan,0.12							
1/25/2023 19:06:00,1.12.0,PR,0,4.12,nan,1,Left,Left,99,7,10,0,nan,nan,0.00							
1/25/2023 19:06:01,1.12.0,PR,0,4.12,nan,1,Left,Left,100,7,10,0,nan,nan,0.00							
1/25/2023 19:06:02,1.12.0,PR,0,4.12,nan,1,Left,Left,101,7,10,0,nan,nan,0.22							
1/25/2023 19:06:04,1.12.0,PR,0,4.12,nan,1,Left,Left,102,7,10,0,nan,nan,0.15							
1/25/2023 19:06:06,1.12.0,PR,0,4.12,nan,1,Left,Left,103,7,10,0,nan,nan,0.55							
1/25/2023 19:06:07,1.12.0,PR,0,4.12,nan,1,Left,Left,104,7,10,0,nan,nan,0.00							
1/25/2023 19:06:09,1.12.0,PR,0,4.12,nan,1,Left,Left,105,7,10,0,nan,nan,0.29							
1/25/2023 19:06:10,1.12.0,PR,0,4.11,nan,1,Left,Left,106,7,10,0,nan,nan,0.00							
1/25/2023 19:06:11,1.12.0,PR,0,4.12,nan,1,Left,Left,107,7,10,0,nan,nan,0.34							
1/25/2023 19:06:13,1.12.0,PR,0,4.12,nan,1,Left,Left,108,7,10,0,nan,nan,0.15							
1/25/2023 19:06:14,1.12.0,PR,0,4.12,nan,1,Left,Left,109,7,10,0,nan,nan,0.00							
1/25/2023 19:06:15,1.12.0,PR,0,4.12,nan,1,Left,Left,110,7,10,0,nan,nan,0.00							
1/25/2023 19:06:16,1.12.0,PR,0,4.12,nan,1,Left,Left,111,7,10,0,nan,nan,0.31							
1/25/2023 19:06:18,1.12.0,PR,0,4.12,nan,1,Left,Left,112,7,10,0,nan,nan,0.38							
1/25/2023 19:06:21,1.12.0,PR,0,4.12,nan,1,Left,Left,113,7,10,0,nan,nan,0.77							
1/25/2023 19:06:22,1.12.0,PR,0,4.12,nan,1,Left,Left,114,7,10,0,nan,nan,0.24							
1/25/2023 19:33:50,1.12.0,PR,0,4.12,nan,1,Left,Left,115,7,10,0,nan,nan,0.30							
1/25/2023 19:33:52,1.12.0,PR,0,4.11,nan,1,Left,Left,116,7,10,0,nan,nan,0.11							
1/25/2023 19:33:53,1.12.0,PR,0,4.12,nan,1,Left,Left,117,7,10,0,nan,nan,0.00							
1/25/2023 19:33:55,1.12.0,PR,0,4.12,nan,1,Left,Left,118,7,10,0,nan,nan,0.16							
1/25/2023 19:33:56,1.12.0,PR,0,4.11,nan,1,Left,Left,119,7,10,0,nan,nan,0.00							
1/25/2023 19:33:58,1.12.0,PR,0,4.12,nan,1,Left,Left,120,7,10,0,nan,nan,0.16							
1/25/2023 19:33:59,1.12.0,PR,0,4.11,nan,1,Left,Left,121,7,10,0,nan,nan,0.00							
1/25/2023 19:34:01,1.12.0,PR,0,4.11,nan,1,Left,Left,122,7,10,0,nan,nan,0.14							
1/25/2023 19:34:07,1.12.0,PR,0,4.12,nan,1,Left,Left,123,7,10,0,nan,nan,0.46							
1/25/2023 19:34:10,1.12.0,PR,0,4.12,nan,1,Left,Left,124,7,10,0,nan,nan,1.12							
1/25/2023 19:34:11,1.12.0,PR,0,4.12,nan,1,Left,Left,125,7,10,0,nan,nan,0.20							
1/25/2023 19:34:14,1.12.0,PR,0,4.11,nan,1,Left,Left,126,7,10,0,nan,nan,0.15							
1/25/2023 19:34:15,1.12.0,PR,0,4.12,1,1,Pellet,Left,126,7,11,0,0.61,1719,nan							
1/25/2023 19:34:37,1.12.0,PR,0,4.12,nan,1,Left,Left,127,7,11,0,nan,nan,0.31							
1/25/2023 19:34:39,1.12.0,PR,0,4.11,nan,1,Left,Left,128,7,11,0,nan,nan,0.31							
1/25/2023 19:34:39,1.12.0,PR,0,4.11,nan,1,Left,Left,129,7,11,0,nan,nan,0.00							
1/25/2023 19:34:41,1.12.0,PR,0,4.12,nan,1,Left,Left,130,7,11,0,nan,nan,0.31							
1/25/2023 19:34:42,1.12.0,PR,0,4.12,nan,1,Left,Left,131,7,11,0,nan,nan,0.00							
1/25/2023 19:34:43,1.12.0,PR,0,4.12,nan,1,Left,Left,132,7,11,0,nan,nan,0.20							
1/25/2023 19:34:44,1.12.0,PR,0,4.11,nan,1,Left,Left,133,7,11,0,nan,nan,0.25							
1/25/2023 19:34:46,1.12.0,PR,0,4.11,nan,1,Left,Left,134,7,11,0,nan,nan,0.06							
1/25/2023 19:34:46,1.12.0,PR,0,4.12,nan,1,Left,Left,135,7,11,0,nan,nan,0.00							
1/25/2023 19:34:47,1.12.0,PR,0,4.11,nan,1,Left,Left,136,7,11,0,nan,nan,0.28							
1/25/2023 19:34:48,1.12.0,PR,0,4.12,nan,1,Left,Left,137,7,11,0,nan,nan,0.14							
1/25/2023 19:43:38,1.12.0,PR,0,4.11,nan,1,Right,Left,137,8,11,0,nan,nan,0.60							
1/25/2023 19:43:44,1.12.0,PR,0,4.12,nan,1,Left,Left,138,8,11,0,nan,nan,0.23							
1/25/2023 19:43:46,1.12.0,PR,0,4.11,nan,1,Left,Left,139,8,11,0,nan,nan,0.06							
1/25/2023 19:43:47,1.12.0,PR,0,4.12,nan,1,Left,Left,140,8,11,0,nan,nan,0.22							
1/25/2023 19:46:41,1.12.0,PR,0,4.11,nan,1,Left,Left,141,8,11,0,nan,nan,0.26							
1/25/2023 19:46:45,1.12.0,PR,0,4.12,nan,1,Left,Left,142,8,11,0,nan,nan,0.57							
1/25/2023 19:46:47,1.12.0,PR,0,4.11,nan,1,Left,Left,143,8,11,0,nan,nan,0.43							
1/25/2023 19:46:49,1.12.0,PR,0,4.11,nan,1,Left,Left,144,8,11,0,nan,nan,0.06							
1/25/2023 19:46:50,1.12.0,PR,0,4.11,nan,1,Left,Left,145,8,11,0,nan,nan,0.00							
1/25/2023 19:46:51,1.12.0,PR,0,4.12,nan,1,Left,Left,146,8,11,0,nan,nan,0.00							
1/25/2023 19:46:52,1.12.0,PR,0,4.12,nan,1,Left,Left,147,8,11,0,nan,nan,0.17							
1/25/2023 19:46:53,1.12.0,PR,0,4.12,nan,1,Left,Left,148,8,11,0,nan,nan,0.00							
1/25/2023 19:46:54,1.12.0,PR,0,4.12,nan,1,Left,Left,149,8,11,0,nan,nan,0.14							
1/25/2023 19:46:56,1.12.0,PR,0,4.11,nan,1,Left,Left,150,8,11,0,nan,nan,0.42							
1/25/2023 19:46:57,1.12.0,PR,0,4.12,nan,1,Left,Left,151,8,11,0,nan,nan,0.16							
1/25/2023 19:48:00,1.12.0,PR,0,4.11,nan,1,Left,Left,152,8,11,0,nan,nan,0.19							
1/25/2023 19:48:02,1.12.0,PR,0,4.12,nan,1,Left,Left,153,8,11,0,nan,nan,0.15							
1/25/2023 19:48:04,1.12.0,PR,0,4.12,nan,1,Left,Left,154,8,11,0,nan,nan,0.23							
1/25/2023 19:48:04,1.12.0,PR,0,4.11,nan,1,Left,Left,155,8,11,0,nan,nan,0.00							
1/25/2023 19:48:08,1.12.0,PR,0,4.12,nan,1,Left,Left,156,8,11,0,nan,nan,0.16							
1/25/2023 19:48:13,1.12.0,PR,0,4.12,nan,1,Left,Left,157,8,11,0,nan,nan,0.18							
1/25/2023 19:48:15,1.12.0,PR,0,4.12,nan,1,Left,Left,158,8,11,0,nan,nan,0.32							
1/25/2023 19:48:17,1.12.0,PR,0,4.12,nan,1,Left,Left,159,8,11,0,nan,nan,0.21							
1/25/2023 20:36:51,1.12.0,PR,0,4.11,nan,1,Left,Left,160,8,11,0,nan,nan,0.32							
1/25/2023 20:41:53,1.12.0,PR,0,4.11,nan,1,Left,Left,161,8,11,0,nan,nan,0.28							
1/25/2023 20:41:56,1.12.0,PR,0,4.11,nan,1,Left,Left,162,8,11,0,nan,nan,0.10							
1/25/2023 20:42:00,1.12.0,PR,0,4.12,nan,1,Left,Left,163,8,11,0,nan,nan,0.16							
1/25/2023 20:42:01,1.12.0,PR,0,4.11,nan,1,Left,Left,164,8,11,0,nan,nan,0.33							
1/25/2023 20:42:04,1.12.0,PR,0,4.11,nan,1,Left,Left,165,8,11,0,nan,nan,0.17							
1/25/2023 20:42:05,1.12.0,PR,0,4.12,nan,1,Left,Left,166,8,11,0,nan,nan,0.15							
1/25/2023 20:42:07,1.12.0,PR,0,4.11,1,1,Pellet,Left,166,8,12,0,0.91,4072,nan							
1/25/2023 20:45:54,1.12.0,PR,0,4.11,nan,1,Left,Left,167,8,12,0,nan,nan,0.03							
1/25/2023 20:45:57,1.12.0,PR,0,4.11,nan,1,Left,Left,168,8,12,0,nan,nan,0.20							
1/25/2023 20:45:58,1.12.0,PR,0,4.11,nan,1,Left,Left,169,8,12,0,nan,nan,0.20							
1/25/2023 20:46:02,1.12.0,PR,0,4.11,nan,1,Left,Left,170,8,12,0,nan,nan,0.10							
1/25/2023 20:46:04,1.12.0,PR,0,4.11,nan,1,Left,Left,171,8,12,0,nan,nan,0.23							
1/25/2023 20:46:05,1.12.0,PR,0,4.10,nan,1,Left,Left,172,8,12,0,nan,nan,0.34							
1/25/2023 20:46:06,1.12.0,PR,0,4.12,nan,1,Left,Left,173,8,12,0,nan,nan,0.09							
1/25/2023 20:46:08,1.12.0,PR,0,4.11,nan,1,Left,Left,174,8,12,0,nan,nan,0.12							
1/25/2023 20:46:10,1.12.0,PR,0,4.11,nan,1,Left,Left,175,8,12,0,nan,nan,0.17							
1/25/2023 20:46:11,1.12.0,PR,0,4.11,nan,1,Left,Left,176,8,12,0,nan,nan,0.06							
1/25/2023 20:46:15,1.12.0,PR,0,4.12,nan,1,Left,Left,177,8,12,0,nan,nan,0.41							
1/25/2023 20:46:16,1.12.0,PR,0,4.11,nan,1,Left,Left,178,8,12,0,nan,nan,0.12							
1/25/2023 20:46:36,1.12.0,PR,0,4.12,nan,1,Right,Left,178,9,12,0,nan,nan,0.29							
1/25/2023 20:53:17,1.12.0,PR,0,4.11,nan,1,Left,Left,179,9,12,0,nan,nan,0.27							
1/25/2023 20:53:18,1.12.0,PR,0,4.11,nan,1,Left,Left,180,9,12,0,nan,nan,0.00							
1/25/2023 20:53:19,1.12.0,PR,0,4.12,nan,1,Left,Left,181,9,12,0,nan,nan,0.22							
1/25/2023 20:53:32,1.12.0,PR,0,4.11,nan,1,Right,Left,181,10,12,0,nan,nan,0.00							
1/25/2023 20:53:33,1.12.0,PR,0,4.11,nan,1,Left,Left,182,10,12,0,nan,nan,0.15							
1/25/2023 20:53:36,1.12.0,PR,0,4.12,nan,1,Left,Left,183,10,12,0,nan,nan,0.63							
1/25/2023 20:53:38,1.12.0,PR,0,4.11,nan,1,Left,Left,184,10,12,0,nan,nan,0.04							
1/25/2023 20:53:39,1.12.0,PR,0,4.11,nan,1,Left,Left,185,10,12,0,nan,nan,0.42							
1/25/2023 20:53:41,1.12.0,PR,0,4.11,nan,1,Left,Left,186,10,12,0,nan,nan,0.33							
1/25/2023 20:53:43,1.12.0,PR,0,4.11,nan,1,Left,Left,187,10,12,0,nan,nan,0.75							
1/25/2023 20:53:45,1.12.0,PR,0,4.11,nan,1,Left,Left,188,10,12,0,nan,nan,0.23							
1/25/2023 20:53:46,1.12.0,PR,0,4.11,nan,1,Left,Left,189,10,12,0,nan,nan,0.01							
1/25/2023 20:53:49,1.12.0,PR,0,4.11,nan,1,Left,Left,190,10,12,0,nan,nan,0.87							
1/25/2023 20:53:50,1.12.0,PR,0,4.11,nan,1,Left,Left,191,10,12,0,nan,nan,0.70							
1/25/2023 20:53:52,1.12.0,PR,0,4.11,nan,1,Left,Left,192,10,12,0,nan,nan,0.58							
1/25/2023 20:53:53,1.12.0,PR,0,4.11,nan,1,Left,Left,193,10,12,0,nan,nan,0.04							
1/25/2023 20:53:56,1.12.0,PR,0,4.11,nan,1,Left,Left,194,10,12,0,nan,nan,0.42							
1/25/2023 20:53:58,1.12.0,PR,0,4.11,nan,1,Left,Left,195,10,12,0,nan,nan,0.11							
1/25/2023 20:53:59,1.12.0,PR,0,4.11,nan,1,Left,Left,196,10,12,0,nan,nan,0.01							
1/25/2023 20:54:01,1.12.0,PR,0,4.12,nan,1,Left,Left,197,10,12,0,nan,nan,0.46							
1/25/2023 20:54:05,1.12.0,PR,0,4.11,nan,1,Left,Left,198,10,12,0,nan,nan,0.18							
1/25/2023 20:54:06,1.12.0,PR,0,4.11,nan,1,Left,Left,199,10,12,0,nan,nan,0.00							
1/25/2023 20:54:11,1.12.0,PR,0,4.11,nan,1,Left,Left,200,10,12,0,nan,nan,0.18							
1/25/2023 20:54:13,1.12.0,PR,0,4.11,nan,1,Left,Left,201,10,12,0,nan,nan,0.18							
1/25/2023 21:11:04,1.12.0,PR,0,4.12,nan,1,Left,Left,202,10,12,0,nan,nan,0.15							
1/25/2023 21:11:05,1.12.0,PR,0,4.11,nan,1,Left,Left,203,10,12,0,nan,nan,0.28							
1/25/2023 21:11:08,1.12.0,PR,0,4.12,nan,1,Left,Left,204,10,12,0,nan,nan,0.07							
1/25/2023 21:11:12,1.12.0,PR,0,4.11,nan,1,Left,Left,205,10,12,0,nan,nan,0.06							
1/25/2023 21:23:54,1.12.0,PR,0,4.11,nan,1,Right,Left,205,11,12,0,nan,nan,0.04							
1/25/2023 21:23:58,1.12.0,PR,0,4.11,nan,1,Left,Left,206,11,12,0,nan,nan,0.16							
1/25/2023 21:23:59,1.12.0,PR,0,4.12,nan,1,Left,Left,207,11,12,0,nan,nan,0.00							
1/25/2023 21:24:02,1.12.0,PR,0,4.11,nan,1,Left,Left,208,11,12,0,nan,nan,0.13							
1/25/2023 21:24:05,1.12.0,PR,0,4.11,nan,1,Left,Left,209,11,12,0,nan,nan,0.03							
1/25/2023 21:24:06,1.12.0,PR,0,4.11,nan,1,Left,Left,210,11,12,0,nan,nan,0.16							
1/25/2023 21:39:31,1.12.0,PR,0,4.11,nan,1,Left,Left,211,11,12,0,nan,nan,0.27							
1/25/2023 21:39:33,1.12.0,PR,0,4.11,nan,1,Left,Left,212,11,12,0,nan,nan,0.52							
1/25/2023 21:39:40,1.12.0,PR,0,4.11,nan,1,Left,Left,213,11,12,0,nan,nan,0.41							
1/25/2023 21:39:42,1.12.0,PR,0,4.11,nan,1,Left,Left,214,11,12,0,nan,nan,0.25							
1/25/2023 21:39:44,1.12.0,PR,0,4.11,nan,1,Left,Left,215,11,12,0,nan,nan,0.44							
1/25/2023 21:39:55,1.12.0,PR,0,4.11,nan,1,Left,Left,216,11,12,0,nan,nan,0.07							
1/25/2023 21:39:56,1.12.0,PR,0,4.12,1,1,Pellet,Left,216,11,13,0,0.85,3469,nan							
1/25/2023 21:40:30,1.12.0,PR,0,4.11,nan,1,Right,Left,216,12,13,0,nan,nan,0.45							
1/25/2023 21:40:40,1.12.0,PR,0,4.11,nan,1,Left,Left,217,12,13,0,nan,nan,0.07							
1/25/2023 21:40:42,1.12.0,PR,0,4.11,nan,1,Left,Left,218,12,13,0,nan,nan,0.67							
1/25/2023 21:40:43,1.12.0,PR,0,4.11,nan,1,Left,Left,219,12,13,0,nan,nan,0.01							
1/25/2023 21:40:46,1.12.0,PR,0,4.11,nan,1,Left,Left,220,12,13,0,nan,nan,0.11							
1/25/2023 21:40:48,1.12.0,PR,0,4.11,nan,1,Left,Left,221,12,13,0,nan,nan,0.21							
1/25/2023 21:40:50,1.12.0,PR,0,4.11,nan,1,Left,Left,222,12,13,0,nan,nan,0.26							
1/25/2023 21:40:53,1.12.0,PR,0,4.11,nan,1,Left,Left,223,12,13,0,nan,nan,0.39							
1/25/2023 21:40:56,1.12.0,PR,0,4.11,nan,1,Left,Left,224,12,13,0,nan,nan,0.25							
1/25/2023 21:40:57,1.12.0,PR,0,4.11,nan,1,Left,Left,225,12,13,0,nan,nan,0.58							
1/25/2023 21:40:58,1.12.0,PR,0,4.11,nan,1,Left,Left,226,12,13,0,nan,nan,0.00							
1/25/2023 21:41:00,1.12.0,PR,0,4.11,nan,1,Left,Left,227,12,13,0,nan,nan,0.17							
1/25/2023 21:41:01,1.12.0,PR,0,4.11,nan,1,Left,Left,228,12,13,0,nan,nan,0.12							
1/25/2023 21:41:02,1.12.0,PR,0,4.11,nan,1,Left,Left,229,12,13,0,nan,nan,0.26							
1/25/2023 21:41:03,1.12.0,PR,0,4.11,nan,1,Left,Left,230,12,13,0,nan,nan,0.26							
1/25/2023 21:41:06,1.12.0,PR,0,4.11,nan,1,Left,Left,231,12,13,0,nan,nan,0.43							
1/25/2023 21:41:08,1.12.0,PR,0,4.11,nan,1,Left,Left,232,12,13,0,nan,nan,0.18							
1/25/2023 21:41:11,1.12.0,PR,0,4.11,nan,1,Left,Left,233,12,13,0,nan,nan,0.47							
1/25/2023 21:41:12,1.12.0,PR,0,4.11,nan,1,Left,Left,234,12,13,0,nan,nan,0.52							
1/25/2023 21:41:16,1.12.0,PR,0,4.11,nan,1,Left,Left,235,12,13,0,nan,nan,0.27							
1/25/2023 21:41:19,1.12.0,PR,0,4.12,nan,1,Left,Left,236,12,13,0,nan,nan,0.38							
1/25/2023 21:41:22,1.12.0,PR,0,4.11,nan,1,Left,Left,237,12,13,0,nan,nan,0.17							
1/25/2023 21:41:24,1.12.0,PR,0,4.11,nan,1,Left,Left,238,12,13,0,nan,nan,0.29							
1/25/2023 21:41:26,1.12.0,PR,0,4.12,nan,1,Left,Left,239,12,13,0,nan,nan,0.31							
1/25/2023 21:41:29,1.12.0,PR,0,4.11,nan,1,Left,Left,240,12,13,0,nan,nan,0.32							
1/25/2023 21:41:31,1.12.0,PR,0,4.11,nan,1,Left,Left,241,12,13,0,nan,nan,0.18							
1/25/2023 21:41:33,1.12.0,PR,0,4.11,nan,1,Left,Left,242,12,13,0,nan,nan,0.19							
1/25/2023 21:41:35,1.12.0,PR,0,4.11,nan,1,Left,Left,243,12,13,0,nan,nan,0.48							
1/25/2023 21:41:37,1.12.0,PR,0,4.11,nan,1,Left,Left,244,12,13,0,nan,nan,0.20							
1/25/2023 21:41:39,1.12.0,PR,0,4.11,nan,1,Left,Left,245,12,13,0,nan,nan,0.20							
1/25/2023 21:41:40,1.12.0,PR,0,4.12,nan,1,Left,Left,246,12,13,0,nan,nan,0.09							
1/25/2023 21:41:42,1.12.0,PR,0,4.11,nan,1,Left,Left,247,12,13,0,nan,nan,0.14							
1/25/2023 21:41:43,1.12.0,PR,0,4.11,nan,1,Left,Left,248,12,13,0,nan,nan,0.17							
1/25/2023 21:41:45,1.12.0,PR,0,4.11,nan,1,Left,Left,249,12,13,0,nan,nan,0.15							
1/25/2023 21:42:24,1.12.0,PR,0,4.11,nan,1,Right,Left,249,13,13,0,nan,nan,0.17							
1/25/2023 21:49:40,1.12.0,PR,0,4.11,nan,1,Right,Left,249,14,13,0,nan,nan,0.06							
1/25/2023 21:49:46,1.12.0,PR,0,4.11,nan,1,Left,Left,250,14,13,0,nan,nan,0.35							
1/25/2023 21:49:50,1.12.0,PR,0,4.11,nan,1,Left,Left,251,14,13,0,nan,nan,0.06							
1/25/2023 21:49:52,1.12.0,PR,0,4.11,nan,1,Left,Left,252,14,13,0,nan,nan,0.59							
1/25/2023 21:49:53,1.12.0,PR,0,4.11,nan,1,Left,Left,253,14,13,0,nan,nan,0.21							
1/25/2023 21:49:56,1.12.0,PR,0,4.11,nan,1,Left,Left,254,14,13,0,nan,nan,0.17							
1/25/2023 21:49:59,1.12.0,PR,0,4.11,nan,1,Left,Left,255,14,13,0,nan,nan,0.09							
1/25/2023 21:57:59,1.12.0,PR,0,4.12,nan,1,Left,Left,256,14,13,0,nan,nan,0.26							
1/25/2023 22:07:11,1.12.0,PR,0,4.11,nan,1,Left,Left,257,14,13,0,nan,nan,0.06							
1/25/2023 22:07:14,1.12.0,PR,0,4.11,nan,1,Left,Left,258,14,13,0,nan,nan,0.82							
1/25/2023 22:07:17,1.12.0,PR,0,4.11,nan,1,Left,Left,259,14,13,0,nan,nan,0.56							
1/25/2023 22:07:18,1.12.0,PR,0,4.11,nan,1,Left,Left,260,14,13,0,nan,nan,0.29							
1/25/2023 22:07:21,1.12.0,PR,0,4.11,nan,1,Left,Left,261,14,13,0,nan,nan,0.24							
1/25/2023 22:07:22,1.12.0,PR,0,4.11,nan,1,Left,Left,262,14,13,0,nan,nan,0.25							
1/25/2023 22:07:26,1.12.0,PR,0,4.11,nan,1,Left,Left,263,14,13,0,nan,nan,0.44							
1/25/2023 22:07:33,1.12.0,PR,0,4.11,nan,1,Left,Left,264,14,13,0,nan,nan,0.00							
1/25/2023 22:07:35,1.12.0,PR,0,4.11,nan,1,Left,Left,265,14,13,0,nan,nan,0.05							
1/26/2023 1:57:24,1.12.0,PR,0,4.10,nan,1,Left,Left,266,14,13,0,nan,nan,0.60							
1/26/2023 2:04:27,1.12.0,PR,0,4.10,nan,1,Right,Left,266,15,13,0,nan,nan,0.07							
1/26/2023 2:04:34,1.12.0,PR,0,4.10,nan,1,Left,Left,267,15,13,0,nan,nan,0.27							
1/26/2023 2:04:36,1.12.0,PR,0,4.10,nan,1,Left,Left,268,15,13,0,nan,nan,0.08							
1/26/2023 2:04:37,1.12.0,PR,0,4.10,nan,1,Left,Left,269,15,13,0,nan,nan,0.18							
1/26/2023 2:15:46,1.12.0,PR,0,4.11,nan,1,Left,Left,270,15,13,0,nan,nan,0.44							
1/26/2023 2:15:47,1.12.0,PR,0,4.10,nan,1,Left,Left,271,15,13,0,nan,nan,0.15							
1/26/2023 2:30:43,1.12.0,PR,0,4.10,nan,1,Left,Left,272,15,13,0,nan,nan,0.33							
1/26/2023 2:30:44,1.12.0,PR,0,4.11,nan,1,Left,Left,273,15,13,0,nan,nan,0.04							
1/26/2023 2:30:46,1.12.0,PR,0,4.10,nan,1,Left,Left,274,15,13,0,nan,nan,0.35							
1/26/2023 2:30:48,1.12.0,PR,0,4.10,nan,1,Left,Left,275,15,13,0,nan,nan,0.69							
1/26/2023 2:30:53,1.12.0,PR,0,4.10,nan,1,Left,Left,276,15,13,0,nan,nan,0.19							
1/26/2023 2:30:54,1.12.0,PR,0,4.09,nan,1,Left,Left,277,15,13,0,nan,nan,0.24							
1/26/2023 4:30:18,1.12.0,PR,0,4.09,nan,1,Right,Left,277,16,13,0,nan,nan,0.21							
1/26/2023 4:30:21,1.12.0,PR,0,4.09,nan,1,Left,Left,278,16,13,0,nan,nan,0.13							
1/26/2023 4:30:22,1.12.0,PR,0,4.09,1,1,Pellet,Left,278,16,14,0,0.67,24626,nan							
1/26/2023 4:30:42,1.12.0,PR,0,4.09,nan,1,Left,Left,279,16,14,0,nan,nan,0.30							
1/26/2023 4:30:44,1.12.0,PR,0,4.09,nan,1,Left,Left,280,16,14,0,nan,nan,0.26							
1/26/2023 4:30:46,1.12.0,PR,0,4.10,nan,1,Left,Left,281,16,14,0,nan,nan,0.02							
1/26/2023 4:30:48,1.12.0,PR,0,4.09,nan,1,Left,Left,282,16,14,0,nan,nan,0.27							
1/26/2023 4:30:50,1.12.0,PR,0,4.10,nan,1,Left,Left,283,16,14,0,nan,nan,0.20							
1/26/2023 4:30:53,1.12.0,PR,0,4.09,nan,1,Left,Left,284,16,14,0,nan,nan,0.24							
1/26/2023 4:30:55,1.12.0,PR,0,4.09,nan,1,Left,Left,285,16,14,0,nan,nan,0.09							
1/26/2023 4:30:58,1.12.0,PR,0,4.10,nan,1,Left,Left,286,16,14,0,nan,nan,0.11							
1/26/2023 5:04:04,1.12.0,PR,0,4.09,nan,1,Left,Left,287,16,14,0,nan,nan,0.76							
1/26/2023 5:04:05,1.12.0,PR,0,4.09,nan,1,Left,Left,288,16,14,0,nan,nan,0.01							
1/26/2023 5:04:06,1.12.0,PR,0,4.09,nan,1,Left,Left,289,16,14,0,nan,nan,0.04							
1/26/2023 5:04:07,1.12.0,PR,0,4.09,nan,1,Left,Left,290,16,14,0,nan,nan,0.21							
1/26/2023 5:04:09,1.12.0,PR,0,4.09,nan,1,Left,Left,291,16,14,0,nan,nan,0.06							
1/26/2023 5:04:11,1.12.0,PR,0,4.09,nan,1,Left,Left,292,16,14,0,nan,nan,0.13							
1/26/2023 5:04:14,1.12.0,PR,0,4.09,nan,1,Left,Left,293,16,14,0,nan,nan,0.45							
1/26/2023 5:04:15,1.12.0,PR,0,4.10,nan,1,Left,Left,294,16,14,0,nan,nan,0.00							
1/26/2023 5:04:16,1.12.0,PR,0,4.09,nan,1,Left,Left,295,16,14,0,nan,nan,0.00							
1/26/2023 5:04:18,1.12.0,PR,0,4.09,nan,1,Left,Left,296,16,14,0,nan,nan,0.20							
1/26/2023 5:04:19,1.12.0,PR,0,4.09,nan,1,Left,Left,297,16,14,0,nan,nan,0.05							
1/26/2023 5:04:22,1.12.0,PR,0,4.09,nan,1,Left,Left,298,16,14,0,nan,nan,0.37							
1/26/2023 5:04:23,1.12.0,PR,0,4.09,nan,1,Left,Left,299,16,14,0,nan,nan,0.20							
1/26/2023 5:04:25,1.12.0,PR,0,4.09,nan,1,Left,Left,300,16,14,0,nan,nan,0.39							
1/26/2023 5:04:26,1.12.0,PR,0,4.09,nan,1,Left,Left,301,16,14,0,nan,nan,0.24							
1/26/2023 5:04:28,1.12.0,PR,0,4.09,nan,1,Left,Left,302,16,14,0,nan,nan,0.16							
1/26/2023 5:04:29,1.12.0,PR,0,4.09,nan,1,Left,Left,303,16,14,0,nan,nan,0.18							
1/26/2023 5:34:36,1.12.0,PR,0,4.09,nan,1,Left,Left,304,16,14,0,nan,nan,0.13							
1/26/2023 5:35:00,1.12.0,PR,0,4.09,nan,1,Right,Left,304,17,14,0,nan,nan,0.27							
1/26/2023 5:37:14,1.12.0,PR,0,4.09,nan,1,Left,Left,305,17,14,0,nan,nan,0.05							
1/26/2023 5:37:16,1.12.0,PR,0,4.09,nan,1,Left,Left,306,17,14,0,nan,nan,0.17							
1/26/2023 5:37:18,1.12.0,PR,0,4.09,nan,1,Left,Left,307,17,14,0,nan,nan,0.16							
1/26/2023 5:37:19,1.12.0,PR,0,4.09,nan,1,Left,Left,308,17,14,0,nan,nan,0.18							
1/26/2023 5:37:20,1.12.0,PR,0,4.09,nan,1,Left,Left,309,17,14,0,nan,nan,0.27							
1/26/2023 5:37:22,1.12.0,PR,0,4.09,nan,1,Left,Left,310,17,14,0,nan,nan,0.04							
1/26/2023 5:37:23,1.12.0,PR,0,4.09,nan,1,Left,Left,311,17,14,0,nan,nan,0.22							
1/26/2023 5:37:24,1.12.0,PR,0,4.09,nan,1,Left,Left,312,17,14,0,nan,nan,0.18							
1/26/2023 5:37:31,1.12.0,PR,0,4.09,nan,1,Left,Left,313,17,14,0,nan,nan,0.00							
1/26/2023 5:37:32,1.12.0,PR,0,4.09,nan,1,Left,Left,314,17,14,0,nan,nan,0.52							
1/26/2023 6:05:43,1.12.0,PR,0,4.09,nan,1,Left,Left,315,17,14,0,nan,nan,0.03							
1/26/2023 6:05:46,1.12.0,PR,0,4.09,nan,1,Left,Left,316,17,14,0,nan,nan,0.12							
1/26/2023 6:05:47,1.12.0,PR,0,4.09,nan,1,Left,Left,317,17,14,0,nan,nan,0.32							
1/26/2023 6:05:49,1.12.0,PR,0,4.09,nan,1,Left,Left,318,17,14,0,nan,nan,0.02							
1/26/2023 6:05:52,1.12.0,PR,0,4.09,nan,1,Left,Left,319,17,14,0,nan,nan,0.09							
1/26/2023 6:05:53,1.12.0,PR,0,4.09,nan,1,Left,Left,320,17,14,0,nan,nan,0.19							
1/26/2023 6:06:01,1.12.0,PR,0,4.09,nan,1,Left,Left,321,17,14,0,nan,nan,0.33							
1/26/2023 6:06:03,1.12.0,PR,0,4.09,nan,1,Left,Left,322,17,14,0,nan,nan,0.29							
1/26/2023 6:06:05,1.12.0,PR,0,4.09,nan,1,Left,Left,323,17,14,0,nan,nan,0.73							
1/26/2023 6:06:07,1.12.0,PR,0,4.09,nan,1,Left,Left,324,17,14,0,nan,nan,0.01							
1/26/2023 6:06:08,1.12.0,PR,0,4.09,nan,1,Left,Left,325,17,14,0,nan,nan,0.00							
1/26/2023 6:06:22,1.12.0,PR,0,4.09,nan,1,Left,Left,326,17,14,0,nan,nan,0.18							
1/26/2023 6:29:28,1.12.0,PR,0,4.09,nan,1,Left,Left,327,17,14,0,nan,nan,0.14							
1/26/2023 6:47:43,1.12.0,PR,0,4.09,nan,1,Right,Left,327,18,14,0,nan,nan,0.37							
1/26/2023 6:47:52,1.12.0,PR,0,4.09,nan,1,Left,Left,328,18,14,0,nan,nan,0.09							
1/26/2023 6:47:54,1.12.0,PR,0,4.09,nan,1,Left,Left,329,18,14,0,nan,nan,0.34							
1/26/2023 6:47:55,1.12.0,PR,0,4.09,nan,1,Left,Left,330,18,14,0,nan,nan,0.21							
1/26/2023 6:49:06,1.12.0,PR,0,4.09,nan,1,Left,Left,331,18,14,0,nan,nan,0.27							
1/26/2023 6:49:07,1.12.0,PR,0,4.09,nan,1,Left,Left,332,18,14,0,nan,nan,0.21							
1/26/2023 12:13:50,1.12.0,PR,0,4.08,nan,1,Left,Left,333,18,14,0,nan,nan,0.57							
1/26/2023 12:13:53,1.12.0,PR,0,4.08,nan,1,Left,Left,334,18,14,0,nan,nan,0.66							
1/26/2023 12:13:54,1.12.0,PR,0,4.07,nan,1,Left,Left,335,18,14,0,nan,nan,0.25							
1/26/2023 12:14:02,1.12.0,PR,0,4.07,nan,1,Left,Left,336,18,14,0,nan,nan,0.07							
1/26/2023 14:19:15,1.12.0,PR,0,4.07,nan,1,Left,Left,337,18,14,0,nan,nan,0.39							
1/26/2023 14:19:17,1.12.0,PR,0,4.07,nan,1,Left,Left,338,18,14,0,nan,nan,0.36							
1/26/2023 14:19:22,1.12.0,PR,0,4.07,nan,1,Left,Left,339,18,14,0,nan,nan,0.11							
